Date,GS,JPM,KO,MA,PEP,V
2022-12-29,321.7991027832031,124.3291244506836,59.29458236694336,342.59368896484375,168.06610107421875,203.8131103515625
2022-12-30,321.7522888183594,125.15042877197266,58.979339599609375,342.1214904785156,166.84703063964844,203.51927185058594
2023-01-03,324.41339111328125,126.10233306884766,58.367374420166016,341.2064514160156,165.69261169433594,203.1567840576172
2023-01-04,325.8002014160156,127.27824401855469,58.33955764770508,349.42181396484375,165.2862548828125,208.27024841308594
2023-01-05,322.1083068847656,127.25003051757812,57.67197799682617,346.09625244140625,163.55923461914062,206.8008575439453
2023-01-06,326.15625,129.68507385253906,58.78461837768555,362.32696533203125,167.25340270996094,213.3052978515625
2023-01-09,330.7663269042969,129.14913940429688,58.05213165283203,365.5790100097656,165.61874389648438,214.13796997070312
2023-01-10,334.8516845703125,130.3055877685547,57.60707473754883,365.61846923828125,164.2519073486328,216.57716369628906
2023-01-11,341.5232849121094,131.27392578125,57.49580764770508,372.36883544921875,164.4365692138672,217.5665283203125
2023-01-12,346.639404296875,131.14230346679688,56.75404357910156,374.29046630859375,162.3401641845703,219.0554962158203
2023-01-13,350.4437255859375,134.45164489746094,56.95802688598633,370.0628356933594,161.84146118164062,218.50694274902344
2023-01-17,327.8803405761719,132.37388610839844,57.1898307800293,369.55047607421875,162.5987548828125,218.44818115234375
2023-01-18,327.1026611328125,128.39703369140625,55.45595932006836,363.5587463378906,158.49819946289062,214.98043823242188
2023-01-19,328.6581115722656,126.68594360351562,55.37251663208008,362.593017578125,156.66036987304688,215.91102600097656
2023-01-20,320.30926513671875,126.9961929321289,55.70630645751953,370.8118591308594,156.89126586914062,219.73141479492188
2023-01-23,327.1495056152344,129.05516052246094,55.84538650512695,373.068603515625,156.18939208984375,219.6040802001953
2023-01-24,326.3904724121094,130.1645050048828,56.142093658447266,374.4875793457031,157.63934326171875,219.3200225830078
2023-01-25,327.6086120605469,130.79443359375,56.49443435668945,376.8330383300781,158.7845001220703,220.3093719482422
2023-01-26,332.6122741699219,131.60293579101562,56.38317108154297,371.75787353515625,157.2052764892578,220.12326049804688
2023-01-27,331.42230224609375,131.92262268066406,56.086463928222656,368.5945129394531,156.65115356445312,226.71588134765625
2023-01-30,334.94549560546875,130.80381774902344,56.22554016113281,365.726806640625,156.5218505859375,224.42364501953125
2023-01-31,342.76953125,131.5841827392578,56.85603713989258,365.21435546875,157.94410705566406,225.51100158691406
2023-02-01,342.67584228515625,131.23629760742188,56.86531066894531,368.64373779296875,158.44281005859375,226.18692016601562
2023-02-02,346.19903564453125,130.6251983642578,55.89175033569336,369.4913330078125,156.97438049316406,224.874267578125
2023-02-03,346.6487731933594,132.6465301513672,55.47451400756836,368.476318359375,156.18939208984375,225.4326629638672
2023-02-06,347.4452209472656,133.42684936523438,55.789756774902344,367.5499267578125,158.68295288085938,224.7567138671875
2023-02-07,350.8184814453125,135.05332946777344,55.69703674316406,369.6095886230469,158.44281005859375,226.59835815429688
2023-02-08,351.474365234375,134.10379028320312,55.37251663208008,364.9679870605469,158.0734100341797,225.5011749267578
2023-02-09,344.81219482421875,132.01663208007812,55.27979278564453,365.0369873046875,159.56954956054688,225.10858154296875
2023-02-10,347.8950500488281,132.5995330810547,55.27979278564453,361.4991455078125,162.72804260253906,222.99835205078125
2023-02-13,350.46240234375,134.03797912597656,56.18844985961914,365.4410095214844,164.17803955078125,224.6472930908203
2023-02-14,348.363525390625,134.63023376464844,55.25197982788086,364.5836486816406,162.33091735839844,225.14785766601562
2023-02-15,350.7622985839844,135.19435119628906,55.25197982788086,364.2682800292969,162.55258178710938,224.68653869628906
2023-02-16,346.8830871582031,133.33285522460938,54.90892028808594,362.20867919921875,162.09080505371094,221.6536865234375
2023-02-17,345.29010009765625,133.72772216796875,55.74338912963867,355.8819885253906,162.8019256591797,219.4256591796875
2023-02-21,338.3749084472656,131.27392578125,55.446685791015625,350.7870788574219,162.7095947265625,216.5400390625
2023-02-22,338.1594543457031,130.2679443359375,55.613590240478516,349.8114318847656,162.65415954589844,215.95114135742188
2023-02-23,340.64251708984375,131.3115234375,55.715579986572266,350.36334228515625,162.8296356201172,217.04058837890625
2023-02-24,340.9330139160156,132.49612426757812,55.48377990722656,347.9884033203125,162.50640869140625,215.48980712890625
2023-02-27,342.5072021484375,133.6525115966797,55.465232849121094,350.3140869140625,162.46022033691406,216.27505493164062
2023-02-28,329.50140380859375,134.7713165283203,55.17780303955078,350.1268615722656,160.26217651367188,215.8726043701172
2023-03-01,326.7457275390625,134.0191650390625,54.57511901855469,348.36285400390625,158.23040771484375,214.3218536376953
2023-03-02,329.4541931152344,132.62774658203125,55.37251663208008,350.4028015136719,161.14991760253906,215.00889587402344
2023-03-03,336.9945983886719,135.06272888183594,55.11289596557617,356.24658203125,160.99183654785156,219.63177490234375
2023-03-06,336.9567565917969,134.2730255126953,55.96592330932617,361.59765625,161.3173065185547,222.55667114257812
2023-03-07,326.60418701171875,130.3243408203125,55.64140319824219,354.7093200683594,160.51766967773438,219.04287719726562
2023-03-08,329.6335144042969,129.55343627929688,55.66922378540039,353.8125305175781,160.9546661376953,218.08099365234375
2023-03-09,322.8387145996094,122.53985595703125,55.131439208984375,349.2891540527344,159.73666381835938,215.94131469726562
2023-03-10,309.230224609375,125.65177154541016,54.8996467590332,342.0657043457031,159.9504852294922,212.1428985595703
2023-03-13,297.7545166015625,123.39540100097656,55.45595932006836,339.7005920410156,161.51254272460938,210.50375366210938
2023-03-14,304.0208435058594,126.56371307373047,55.65994644165039,347.6927490234375,161.3451690673828,214.6162872314453
2023-03-15,294.621337890625,120.5843276977539,56.030826568603516,343.0216369628906,164.2274932861328,212.36862182617188
2023-03-16,297.358154296875,122.9253158569336,56.339149475097656,342.9427795410156,164.11590576171875,213.42868041992188
2023-03-17,286.4581604003906,118.28095245361328,56.07754135131836,344.5786437988281,162.83282470703125,213.36976623535156
2023-03-20,292.11102294921875,119.53135681152344,56.61944580078125,344.2436218261719,165.1200714111328,214.11572265625
2023-03-21,299.4248962402344,122.7373046875,56.35784149169922,349.4173583984375,165.51058959960938,217.84544372558594
2023-03-22,296.0180358886719,119.5689697265625,56.10557174682617,345.9286804199219,164.11590576171875,215.97076416015625
2023-03-23,297.13165283203125,119.24930572509766,55.984107971191406,349.22021484375,163.31631469726562,218.47360229492188
2023-03-24,294.97998046875,117.434814453125,56.899742126464844,346.52001953125,166.51475524902344,216.9522705078125
2023-03-27,300.60455322265625,120.80056762695312,57.3201789855957,349.4665832519531,166.8866729736328,217.70803833007812
2023-03-28,300.5196228027344,121.16724395751953,57.38558578491211,349.1807556152344,166.8308868408203,216.25540161132812
2023-03-29,302.6712951660156,121.41167449951172,57.79668426513672,354.30523681640625,167.9838104248047,219.1704864501953
2023-03-30,303.0677185058594,121.04501342773438,57.78733444213867,354.0391540527344,168.13259887695312,218.24786376953125
2023-03-31,308.7016906738281,122.51165008544922,57.95550537109375,358.1288757324219,169.49935913085938,221.29054260253906
2023-04-03,308.1448974609375,122.3706283569336,58.30120849609375,361.1443786621094,169.685302734375,224.76507568359375
2023-04-04,304.4927062988281,120.7347640991211,58.123695373535156,358.6116943359375,169.08096313476562,223.44984436035156
2023-04-05,303.4357604980469,120.91478729248047,58.67493438720703,359.06573486328125,170.74526977539062,223.95042419433594
2023-04-06,304.25677490234375,120.78214263916016,58.71231460571289,356.7759094238281,171.41470336914062,221.8107452392578
2023-04-10,306.67266845703125,121.18009185791016,58.572166442871094,355.4631652832031,170.336181640625,222.24258422851562
2023-04-11,308.94708251953125,121.77705383300781,58.469390869140625,359.40130615234375,170.0758514404297,224.22525024414062
2023-04-12,311.6555480957031,121.75809478759766,58.572166442871094,357.08184814453125,169.7410888671875,223.5970458984375
2023-04-13,313.4392395019531,122.2223892211914,59.001949310302734,364.84967041015625,171.4333038330078,228.38682556152344
2023-04-14,317.9596252441406,131.4513702392578,58.90852355957031,367.5934753417969,170.62440490722656,229.69223022460938
2023-04-17,320.5643005371094,132.49368286132812,59.29158020019531,367.9192810058594,171.49839782714844,229.16220092773438
2023-04-18,315.1190490722656,133.9812774658203,59.3850212097168,367.4849853515625,171.85171508789062,229.2799835205078
2023-04-19,317.931396484375,133.8107147216797,59.49713897705078,367.9587097167969,171.7494659423828,228.26904296875
2023-04-20,319.64892578125,133.42225646972656,59.75874328613281,370.1302185058594,172.31658935546875,230.26148986816406
2023-04-21,322.432861328125,133.16636657714844,59.842830657958984,370.36700439453125,172.3909912109375,229.72166442871094
2023-04-24,324.60345458984375,133.34640502929688,59.74939727783203,369.8636779785156,172.47467041015625,228.4555206298828
2023-04-25,320.3756103515625,130.44699096679688,59.655967712402344,363.74420166015625,176.38906860351562,225.34413146972656
2023-04-26,317.61993408203125,128.13499450683594,59.375675201416016,361.9971618652344,175.30120849609375,223.93077087402344
2023-04-27,322.37628173828125,129.85952758789062,59.49713897705078,368.81744384765625,176.37045288085938,224.7748565673828
2023-04-28,324.1127014160156,130.987060546875,59.93626403808594,375.0948486328125,177.48617553710938,228.4260711669922
2023-05-01,321.40423583984375,133.79177856445312,60.07640838623047,374.92706298828125,178.22073364257812,228.2101287841797
2023-05-02,314.6094055175781,131.6313934326172,59.805458068847656,371.1468200683594,178.75070190429688,222.7824249267578
2023-05-03,310.155029296875,128.84564208984375,59.469112396240234,370.0314636230469,178.6856231689453,221.8009033203125
2023-05-04,303.1809387207031,127.0832290649414,59.534507751464844,371.2356262207031,179.80136108398438,221.427978515625
2023-05-05,308.6167297363281,129.56578063964844,59.81480026245117,379.66473388671875,180.6288604736328,227.49365234375
2023-05-08,308.1354675292969,129.8784637451172,59.721370697021484,380.503662109375,179.77346801757812,227.93533325195312
2023-05-09,306.493408203125,129.2530975341797,59.2261848449707,377.9670715332031,180.5080108642578,228.94627380371094
2023-05-10,304.3983154296875,129.3194122314453,59.32896041870117,377.5722351074219,180.6288604736328,226.9930877685547
2023-05-11,302.6712951660156,128.91195678710938,59.665313720703125,378.4112548828125,181.62371826171875,227.17991638183594
2023-05-12,301.51995849609375,127.06428527832031,59.89889144897461,376.9603271484375,182.34896850585938,227.54380798339844
2023-05-15,303.9453430175781,128.13499450683594,59.74005126953125,378.43096923828125,180.6288604736328,228.95008850097656
2023-05-16,302.7562561035156,127.27276611328125,59.067344665527344,375.3020935058594,179.84783935546875,226.6488800048828
2023-05-17,311.5989685058594,131.18605041503906,59.001949310302734,381.9743347167969,178.5740509033203,228.79273986816406
2023-05-18,311.03265380859375,132.1809844970703,58.67493438720703,386.92913818359375,178.10914611816406,229.72698974609375
2023-05-19,307.79571533203125,131.87774658203125,58.70296859741211,380.5628662109375,178.36949157714844,229.44178771972656
2023-05-22,306.63494873046875,130.7880859375,57.46967697143555,379.5364074707031,173.5346221923828,227.44546508789062
2023-05-23,305.3609313964844,129.42364501953125,57.36690139770508,368.8963928222656,173.004638671875,220.85655212402344
2023-05-24,301.8125,128.2392120361328,56.88105392456055,363.714599609375,171.90750122070312,218.56517028808594
2023-05-25,305.6535339355469,128.55191040039062,56.44192123413086,365.23455810546875,170.89404296875,219.6764678955078
2023-05-26,313.3259582519531,129.75527954101562,56.30177688598633,369.5083312988281,170.6894989013672,221.27940368652344
2023-05-30,312.2123718261719,130.24798583984375,55.85330581665039,362.7275695800781,168.85781860351562,217.9652862548828
2023-05-31,307.9998474121094,128.58981323242188,55.74119186401367,360.2797546386719,169.54586791992188,217.36538696289062
2023-06-01,300.8680114746094,130.36170959472656,56.05885314941406,366.06365966796875,170.5804443359375,222.74472045898438
2023-06-02,307.76214599609375,133.10008239746094,57.14266586303711,368.8766784667969,172.33128356933594,224.99676513671875
2023-06-05,306.012451171875,131.79246520996094,56.75959396362305,365.7084045410156,172.45298767089844,223.01023864746094
2023-06-06,310.7574462890625,132.02935791015625,56.34849548339844,375.0257568359375,169.99058532714844,224.4362030029297
2023-06-07,319.26812744140625,133.3085479736328,56.2644157409668,366.5670471191406,168.63299560546875,221.53512573242188
2023-06-08,319.0018615722656,133.34640502929688,56.40454864501953,362.8163757324219,170.49620056152344,219.3519287109375
2023-06-09,319.52484130859375,133.6117401123047,56.49798583984375,364.4252624511719,170.73023986816406,219.85345458984375
2023-06-12,322.82452392578125,133.60231018066406,56.255069732666016,370.4361572265625,170.30892944335938,222.420166015625
2023-06-13,325.686767578125,134.5687713623047,56.47929763793945,366.55718994140625,169.9718780517578,219.6960906982422
2023-06-14,321.8070983886719,134.0665740966797,56.86236572265625,369.893310546875,171.4979705810547,219.73545837402344
2023-06-15,323.0622253417969,135.58261108398438,57.64375686645508,374.11773681640625,173.87612915039062,222.420166015625
2023-06-16,321.7025146484375,135.74368286132812,58.057979583740234,371.64031982421875,174.1851043701172,225.11474609375
2023-06-20,314.48504638671875,135.05198669433594,57.6719970703125,369.75506591796875,173.5016326904297,222.71524047851562
2023-06-21,309.11236572265625,134.85302734375,57.8320426940918,371.25537109375,173.6139678955078,223.48228454589844
2023-06-22,303.89190673828125,132.25677490234375,58.22744369506836,372.893798828125,175.41163635253906,224.60337829589844
2023-06-23,299.260986328125,131.5650634765625,57.61551284790039,374.8776550292969,174.2132110595703,225.74417114257812
2023-06-26,297.02630615234375,131.8872528076172,57.63433837890625,372.51873779296875,173.10838317871094,222.5480194091797
2023-06-27,298.0628356933594,131.89669799804688,57.51195526123047,376.8320007324219,174.35366821289062,223.57078552246094
2023-06-28,298.26251220703125,131.31871032714844,56.975345611572266,375.2922668457031,171.99423217773438,224.18052673339844
2023-06-29,307.2295837402344,135.90476989746094,56.50463104248047,382.6356201171875,172.16275024414062,230.43505859375
2023-06-30,306.7066345214844,137.809326171875,56.69291305541992,388.1925048828125,173.41737365722656,233.54266357421875
2023-07-03,310.5767517089844,138.91795349121094,57.03182601928711,388.8439636230469,173.77316284179688,234.02455139160156
2023-07-05,304.33880615234375,137.9925079345703,57.45546340942383,389.6039733886719,174.6907196044922,235.47998046875
2023-07-06,297.63494873046875,136.62823486328125,57.012996673583984,388.5958251953125,174.7094268798828,234.91944885253906
2023-07-07,299.6983947753906,137.70631408691406,56.259849548339844,384.18731689453125,171.4137420654297,232.5297393798828
2023-07-10,300.9345703125,138.4790802001953,55.836212158203125,387.6270751953125,172.55599975585938,234.21139526367188
2023-07-11,305.12811279296875,140.6447296142578,56.03390884399414,393.2018737792969,172.25640869140625,236.56175231933594
2023-07-12,310.37713623046875,141.3411865234375,56.335174560546875,396.0585021972656,171.4979705810547,238.19424438476562
2023-07-13,312.5451354980469,142.02810668945312,56.8152961730957,395.92999267578125,175.5801544189453,239.2760009765625
2023-07-14,310.17742919921875,142.88674926757812,57.33308410644531,397.857421875,176.2168426513672,239.12852478027344
2023-07-17,311.1378173828125,146.33082580566406,57.248355865478516,397.5509948730469,173.80123901367188,239.94473266601562
2023-07-18,320.71343994140625,146.5979766845703,57.022403717041016,393.5577392578125,172.69642639160156,236.77813720703125
2023-07-19,323.8324890136719,147.16085815429688,58.02974319458008,393.6664733886719,174.39109802246094,237.41734313964844
2023-07-20,333.63641357421875,148.97352600097656,58.73581314086914,393.4588623046875,177.2373809814453,235.64718627929688
2023-07-21,334.682373046875,147.8286590576172,58.78288650512695,392.8954772949219,178.0426025390625,235.2833251953125
2023-07-24,341.3102111816406,150.738525390625,58.80171585083008,400.111083984375,178.754150390625,236.74862670898438
2023-07-25,337.2878723144531,149.61276245117188,58.60401153564453,396.6416931152344,179.16612243652344,234.73263549804688
2023-07-26,340.0074768066406,150.50953674316406,59.35715866088867,397.7585754394531,179.39080810546875,233.16897583007812
2023-07-27,337.1072082519531,148.84951782226562,58.78288650512695,389.9400329589844,176.5164337158203,230.5530548095703
2023-07-28,335.8900146484375,149.69862365722656,58.82054138183594,388.4178161621094,178.18299865722656,231.84133911132812
2023-07-31,338.4004211425781,150.7003631591797,58.30275344848633,389.7225646972656,175.51461791992188,233.78851318359375
2023-08-01,340.15960693359375,149.95616149902344,58.152130126953125,392.4803161621094,174.91542053222656,235.8045196533203
2023-08-02,333.86456298828125,148.2580108642578,58.33100128173828,385.51177978515625,176.31045532226562,233.62135314941406
2023-08-03,335.8234558105469,149.16432189941406,58.02974319458008,388.4672546386719,175.19630432128906,234.80142211914062
2023-08-04,335.8805236816406,148.84951782226562,57.15420913696289,386.826416015625,172.83688354492188,235.02764892578125
2023-08-07,338.10565185546875,149.5554962158203,57.60609817504883,392.2826232910156,174.98095703125,237.505859375
2023-08-08,331.1640319824219,148.7159423828125,57.35191345214844,388.6451416015625,172.6870574951172,235.32264709472656
2023-08-09,325.8674621582031,146.7220001220703,57.48371505737305,389.1196594238281,172.25640869140625,235.78485107421875
2023-08-10,323.6898498535156,146.50254821777344,57.35191345214844,392.54949951171875,172.04104614257812,236.6223602294922
2023-08-11,324.0036315917969,147.35165405273438,57.58726501464844,390.41448974609375,172.3125457763672,236.50411987304688
2023-08-14,321.1604309082031,147.65696716308594,57.31425857543945,393.9728698730469,171.91932678222656,239.3219757080078
2023-08-15,315.9019470214844,143.89805603027344,56.92827224731445,389.890625,169.7939910888672,236.29721069335938
2023-08-16,312.95404052734375,143.28746032714844,56.937679290771484,389.8115539550781,169.66290283203125,235.76515197753906
2023-08-17,311.4421081542969,141.79913330078125,57.0600700378418,388.0817565917969,167.07876586914062,233.87344360351562
2023-08-18,308.979248046875,142.12353515625,57.38016128540039,387.6369934082031,166.82594299316406,234.66168212890625
2023-08-21,306.2501525878906,142.61007690429688,56.8906135559082,388.65509033203125,165.7679901123047,235.93267822265625
2023-08-22,303.1407165527344,139.65255737304688,56.54228210449219,393.2414245605469,164.50399780273438,237.02630615234375
2023-08-23,306.5068664550781,140.5970458984375,56.739986419677734,396.4241943359375,166.769775390625,238.73081970214844
2023-08-24,304.2532653808594,140.4634552001953,56.589351654052734,393.0733642578125,165.88967895507812,235.94252014160156
2023-08-25,304.43389892578125,140.291748046875,56.85295104980469,398.2330627441406,167.98696899414062,238.9968719482422
2023-08-28,309.9682312011719,140.77830505371094,57.012996673583984,402.73040771484375,168.76405334472656,240.23831176757812
2023-08-29,316.2252197265625,141.9231414794922,56.95651626586914,406.8917541503906,169.40074157714844,241.72604370117188
2023-08-30,315.05535888671875,141.3507537841797,56.92827224731445,409.12567138671875,169.54116821289062,242.60293579101562
2023-08-31,314.2212219238281,139.60484313964844,56.32575988769531,407.8703308105469,167.7544403076172,242.06105041503906
2023-09-01,313.9239501953125,140.07232666015625,55.836212158203125,410.7665100097656,165.30299377441406,244.45523071289062
2023-09-05,310.42425537109375,138.5267791748047,55.374908447265625,406.7435302734375,164.20928955078125,241.72604370117188
2023-09-06,307.9120788574219,138.29782104492188,55.337249755859375,408.40411376953125,164.7467041015625,242.53395080566406
2023-09-07,308.7079162597656,137.11480712890625,54.913612365722656,409.8275146484375,166.32130432128906,243.49952697753906
2023-09-08,312.121337890625,137.2197265625,54.913612365722656,410.0448913574219,166.19871520996094,243.64732360839844
2023-09-11,311.28717041015625,137.82078552246094,55.431392669677734,411.8735046386719,168.7067413330078,243.578369140625
2023-09-12,317.2799377441406,139.6143798828125,54.8853645324707,411.4583740234375,168.08444213867188,243.6571807861328
2023-09-13,321.1919860839844,139.68116760253906,55.01716613769531,411.488037109375,169.41387939453125,244.17935180664062
2023-09-14,330.38726806640625,142.39064025878906,55.47263717651367,408.562255859375,170.87533569335938,237.94261169433594
2023-09-15,328.44085693359375,141.97085571289062,54.979209899902344,409.52105712890625,169.5647430419922,237.5189666748047
2023-09-18,329.188720703125,142.26661682128906,55.32081604003906,412.3084716796875,169.13104248046875,241.05606079101562
2023-09-19,327.81756591796875,142.0853271484375,55.206947326660156,408.75006103515625,168.13157653808594,239.97225952148438
2023-09-20,322.8411560058594,141.48431396484375,55.45366287231445,405.7748107910156,168.1881561279297,238.29733276367188
2023-09-21,316.6470947265625,140.3776092529297,54.59965133666992,398.6975402832031,165.35958862304688,233.12464904785156
2023-09-22,314.3938293457031,139.0324249267578,54.656585693359375,397.57073974609375,165.25588989257812,231.6171875
2023-09-25,315.3047180175781,139.7193145751953,54.08724594116211,397.8376159667969,164.36956787109375,229.92250061035156
2023-09-26,310.4913330078125,138.2691650390625,53.64126205444336,390.8098449707031,162.6629638671875,226.2671661376953
2023-09-27,308.6983337402344,139.0801239013672,53.090904235839844,390.9087219238281,159.88153076171875,226.11936950683594
2023-09-28,311.8145751953125,140.8069305419922,52.95806121826172,394.82293701171875,159.81552124023438,228.24755859375
2023-09-29,310.2515869140625,138.35504150390625,53.11936950683594,391.333740234375,159.7589569091797,226.62184143066406
2023-10-02,305.39031982421875,137.16249084472656,52.64491653442383,391.2744445800781,159.50437927246094,227.86329650878906
2023-10-03,293.5198669433594,136.15121459960938,52.07558059692383,386.5397644042969,158.1183624267578,225.43954467773438
2023-10-04,295.8978576660156,136.76181030273438,52.22740173339844,389.20855712890625,159.25924682617188,227.81402587890625
2023-10-05,297.7195739746094,137.3384552001953,49.70333480834961,390.2083740234375,150.95260620117188,230.04074096679688
2023-10-06,299.61810302734375,139.4528350830078,50.424495697021484,393.94012451171875,151.13172912597656,231.57774353027344
2023-10-09,299.74273681640625,139.1356658935547,50.17778396606445,390.7428894042969,152.14060974121094,230.98660278320312
2023-10-10,301.8138122558594,139.98141479492188,51.26901626586914,396.31585693359375,155.0069122314453,233.11480712890625
2023-10-11,300.13592529296875,140.46194458007812,50.965370178222656,395.7615661621094,153.32861328125,232.2083282470703
2023-10-12,297.0964050292969,140.1352081298828,50.11136245727539,395.8506774902344,149.0480194091797,233.29212951660156
2023-10-13,296.5689697265625,142.2399444580078,50.18727111816406,393.99957275390625,150.85830688476562,234.1690216064453
2023-10-16,301.4494934082031,142.09580993652344,50.699676513671875,397.0978698730469,151.87660217285156,236.53367614746094
2023-10-17,296.6265563964844,141.78826904296875,51.306976318359375,397.7016906738281,151.20718383789062,237.6470184326172
2023-10-18,289.5311279296875,140.2313232421875,51.28799057006836,389.22833251953125,152.77230834960938,233.97198486328125
2023-10-19,286.8751220703125,139.6354522705078,51.572662353515625,383.9424743652344,151.3863067626953,230.3658905029297
2023-10-20,287.69970703125,137.38650512695312,51.78142547607422,380.5174865722656,150.85830688476562,229.9422149658203
2023-10-23,286.9039306640625,135.5124053955078,51.31645965576172,379.7850036621094,150.93373107910156,228.1194610595703
2023-10-24,286.8655090332031,135.67578125,52.7967414855957,382.99212646484375,152.92318725585938,231.19349670410156
2023-10-25,284.5451354980469,134.9357452392578,53.25221633911133,382.3982238769531,153.0740509033203,233.3611297607422
2023-10-26,284.76568603515625,135.28172302246094,52.929588317871094,360.8981628417969,152.187744140625,227.87315368652344
2023-10-27,277.97711181640625,130.4090576171875,52.41718673706055,360.393310546875,150.5,225.8927764892578
2023-10-30,288.4476013183594,132.07174682617188,53.28068923950195,368.6488952636719,153.00804138183594,229.64662170410156
2023-10-31,291.1131591796875,133.64788818359375,53.60330581665039,372.5390930175781,153.95091247558594,231.6368865966797
2023-11-01,294.51708984375,133.53256225585938,53.55585861206055,373.9942321777344,155.45005798339844,235.06561279296875
2023-11-02,300.8454284667969,135.91604614257812,54.172645568847656,378.8149108886719,157.29808044433594,239.66685485839844
2023-11-03,314.1348876953125,137.43455505371094,53.840538024902344,382.1408996582031,157.26034545898438,240.0116729736328
2023-11-06,310.57763671875,138.4725341796875,54.05877685546875,382.249755859375,157.17550659179688,239.90330505371094
2023-11-07,310.6159973144531,138.40525817871094,54.25804901123047,384.9322814941406,157.6280517578125,241.16445922851562
2023-11-08,311.20086669921875,139.08763122558594,54.172645568847656,385.7539367675781,157.82608032226562,240.8287353515625
2023-11-09,307.57647705078125,138.67434692382812,53.764617919921875,384.03155517578125,156.6663360595703,238.58743286132812
2023-11-10,312.1117858886719,140.73106384277344,53.821556091308594,390.3865051269531,157.38294982910156,242.1518096923828
2023-11-13,313.4541320800781,140.1063690185547,54.02082443237305,390.3568420410156,158.1843719482422,241.57913208007812
2023-11-14,324.7780456542969,142.66285705566406,54.182132720947266,393.6234130859375,158.50494384765625,243.82046508789062
2023-11-15,323.70416259765625,143.91226196289062,54.28651428222656,392.8116760253906,157.69406127929688,244.97567749023438
2023-11-16,322.81243896484375,145.55569458007812,54.229583740234375,393.0789794921875,158.1278076171875,245.42987060546875
2023-11-17,325.2287292480469,146.8723602294922,54.333961486816406,396.2465515136719,157.23207092285156,246.40737915039062
2023-11-20,325.4779968261719,147.32408142089844,54.4668083190918,400.3050537109375,157.00579833984375,246.8121795654297
2023-11-21,321.18243408203125,147.0165252685547,55.064613342285156,404.8089599609375,158.212646484375,249.0436248779297
2023-11-22,324.70135498046875,147.36251831054688,55.4346809387207,406.17498779296875,159.55154418945312,250.5148162841797
2023-11-24,325.1903381347656,147.5643310546875,55.5770149230957,408.32305908203125,159.69293212890625,251.0874786376953
2023-11-27,323.8096008300781,147.2279815673828,55.47263717651367,404.8287353515625,158.7029571533203,250.92950439453125
2023-11-28,323.7521057128906,147.5643310546875,55.586509704589844,404.86834716796875,159.2120819091797,249.74465942382812
2023-11-29,328.9336853027344,148.3140106201172,55.25438690185547,405.6701965332031,157.60922241210938,251.01834106445312
2023-11-30,330.17108154296875,150.0054931640625,55.89521789550781,409.63958740234375,159.8845977783203,253.43740844726562
2023-12-01,336.8316955566406,150.7359161376953,56.08650588989258,410.1641540527344,160.26463317871094,253.2103271484375
2023-12-04,337.759765625,151.84115600585938,56.019554138183594,404.09625244140625,160.69215393066406,251.2257080078125
2023-12-05,330.3741149902344,151.8219451904297,56.10563659667969,404.5516357421875,159.5520782470703,251.3935546875
2023-12-06,330.5867614746094,150.22654724121094,56.048248291015625,406.2245178222656,159.1435546875,251.0775909423828
2023-12-07,333.1485595703125,150.68785095214844,56.18215560913086,408.9664306640625,159.09605407714844,252.58828735351562
2023-12-08,339.1518249511719,152.3505401611328,56.05781555175781,407.98651123046875,157.40496826171875,252.50927734375
2023-12-11,340.0508728027344,152.907958984375,56.46908950805664,411.5005187988281,159.43807983398438,253.2794189453125
2023-12-12,340.87255859375,154.27268981933594,56.83253860473633,416.489501953125,160.05560302734375,256.2810363769531
2023-12-13,350.6557312011719,154.79168701171875,57.320335388183594,420.37969970703125,163.41879272460938,259.0654296875
2023-12-14,370.7053527832031,157.60765075683594,56.46908950805664,414.3216552734375,159.84658813476562,255.4615020751953
2023-12-15,367.8438415527344,158.79937744140625,56.048248291015625,414.3315734863281,158.65904235839844,254.7703857421875
2023-12-18,363.87066650390625,159.7604522705078,56.4499626159668,420.1322326660156,160.4736328125,255.10604858398438
2023-12-19,369.71929931640625,161.89407348632812,56.26823806762695,421.1617431640625,159.56158447265625,256.70556640625
2023-12-20,364.953369140625,160.06802368164062,55.10135269165039,415.20263671875,157.41445922851562,253.86196899414062
2023-12-21,367.90191650390625,160.98104858398438,55.464813232421875,419.15228271484375,158.63052368164062,256.2612609863281
2023-12-22,367.9792175292969,160.88491821289062,55.78044128417969,419.80560302734375,159.30506896972656,255.16529846191406
2023-12-26,368.9072265625,161.83641052246094,56.00999069213867,419.37994384765625,160.42611694335938,255.8860626220703
2023-12-27,371.6817321777344,162.80709838867188,56.15345764160156,420.0628967285156,160.9391326904297,255.65896606445312
2023-12-28,373.5474853515625,163.6720733642578,56.191715240478516,422.00311279296875,160.9296417236328,257.11041259765625
2023-12-29,372.9287414550781,163.4798583984375,56.3638801574707,422.191162109375,161.357177734375,257.0610656738281
2024-01-02,375.3745422363281,165.38278198242188,57.21512222290039,417.6179504394531,164.27383422851562,255.59976196289062
2024-01-03,369.0812683105469,164.66200256347656,57.34902572631836,414.5295104980469,164.3118438720703,254.7210235595703
2024-01-04,370.2026672363281,165.75469970703125,57.15773010253906,415.5193786621094,162.90576171875,256.33038330078125
2024-01-05,373.5764465332031,166.58633422851562,57.07164764404297,415.1730041503906,160.50213623046875,256.4093933105469
2024-01-08,375.9159240722656,166.34457397460938,57.492496490478516,418.36541748046875,160.66363525390625,259.223388671875
2024-01-09,370.96636962890625,165.02944946289062,57.38728332519531,418.9801025390625,158.82052612304688,260.0033874511719
2024-01-10,369.2456359863281,165.3775634765625,57.57857894897461,424.60150146484375,158.58303833007812,261.2178649902344
2024-01-11,367.1091613769531,164.6813201904297,57.20555877685547,423.0647888183594,157.8324737548828,260.69451904296875
2024-01-12,365.1757507324219,163.4725799560547,57.76030349731445,425.4244079589844,158.91555786132812,260.8327941894531
2024-01-16,367.7859191894531,162.44754028320312,57.377723693847656,424.6808166503906,157.87046813964844,261.8892822265625
2024-01-17,364.6247253417969,161.57723999023438,57.377723693847656,423.7587890625,158.12701416015625,263.2616882324219
2024-01-18,364.36370849609375,161.89633178710938,57.54031753540039,427.030517578125,158.82052612304688,264.75262451171875
2024-01-19,369.4776306152344,164.6909942626953,57.22468948364258,433.03863525390625,157.4999542236328,267.4777526855469
2024-01-22,373.1124572753906,164.4976043701172,56.976009368896484,435.9831848144531,156.86343383789062,267.7740173339844
2024-01-23,368.09521484375,163.41453552246094,57.24381637573242,435.001708984375,159.26707458496094,267.833251953125
2024-01-24,366.77081298828125,164.87474060058594,56.344749450683594,434.942138671875,157.32894897460938,268.2182922363281
2024-01-25,369.96099853515625,167.23423767089844,56.5838623046875,433.0584716796875,158.24099731445312,269.1661682128906
2024-01-26,365.21441650390625,166.5959930419922,56.78471755981445,434.7736511230469,159.47607421875,264.55517578125
2024-01-29,367.8921813964844,167.03115844726562,57.12904357910156,436.8060302734375,159.75157165527344,270.202880859375
2024-01-30,373.99212646484375,170.45436096191406,57.29164123535156,441.3765869140625,161.14817810058594,273.6488037109375
2024-01-31,371.2273864746094,168.6073760986328,56.89949417114258,445.3819580078125,160.11260986328125,269.8079528808594
2024-02-01,371.0726623535156,167.99818420410156,58.324607849121094,456.9718322753906,163.12428283691406,273.550048828125
2024-02-02,374.9491882324219,168.96514892578125,57.903770446777344,456.634765625,162.4307403564453,273.6784362792969
2024-02-05,370.2702941894531,168.7427520751953,57.42554473876953,452.84747314453125,162.38323974609375,272.0986328125
2024-02-06,372.1747741699219,169.32296752929688,57.32989501953125,456.5553894042969,162.85826110839844,273.2637939453125
2024-02-07,373.7891540527344,169.64207458496094,57.377723693847656,457.953369140625,162.90576171875,275.86053466796875
2024-02-08,372.22308349609375,169.03285217285156,57.22468948364258,454.3346252441406,165.16690063476562,272.80389404296875
2024-02-09,371.4690246582031,169.2359161376953,56.96644592285156,453.9578552246094,159.29556274414062,273.4468688964844
2024-02-12,379.5700988769531,169.99017333984375,57.10034942626953,454.7807922363281,162.08872985839844,272.1015319824219
2024-02-13,366.1424255371094,168.5106658935547,56.765586853027344,456.5157470703125,160.44515991210938,272.8335266113281
2024-02-14,365.45611572265625,170.22227478027344,56.70820236206055,461.2052917480469,159.15306091308594,274.564697265625
2024-02-15,372.5904235839844,173.93557739257812,56.813411712646484,467.2430725097656,159.47607421875,277.94775390625
2024-02-16,371.64306640625,173.12327575683594,56.80385208129883,464.12005615234375,158.01300048828125,275.5538330078125
2024-02-20,371.7203674316406,173.80020141601562,58.05680465698242,447.88037109375,160.22662353515625,272.1806640625
2024-02-21,375.3455505371094,174.9315948486328,58.57329177856445,455.11785888671875,160.3976287841797,273.7733154296875
2024-02-22,377.4723205566406,177.02999877929688,58.48721694946289,467.5207214355469,159.84658813476562,280.6878356933594
2024-02-23,378.03302001953125,177.91966247558594,58.5350341796875,469.3647766113281,161.12916564941406,280.5394592285156
2024-02-26,377.2306213378906,177.31044006347656,58.06636428833008,470.4454345703125,159.8560791015625,281.0835266113281
2024-02-27,377.8009948730469,177.3974609375,57.71247863769531,470.683349609375,159.76107788085938,280.1141052246094
2024-02-28,382.78564453125,178.2967987060547,57.76986312866211,474.748291015625,158.68753051757812,282.547607421875
2024-02-29,378.7648010253906,179.92135620117188,57.40641403198242,470.6933288574219,158.28067016601562,279.58984375
2024-03-01,377.8399658203125,179.1767578125,56.9377555847168,472.5472717285156,157.56268310546875,280.1042175292969
2024-03-04,381.8802490234375,180.5208740234375,57.20555877685547,464.47698974609375,158.3094024658203,277.5025939941406
2024-03-05,380.5756530761719,182.32919311523438,56.928184509277344,463.5152893066406,155.12155151367188,276.36505126953125
2024-03-06,379.2711181640625,183.27687072753906,56.956878662109375,467.5603942871094,156.0405731201172,277.4037170410156
2024-03-07,378.1612243652344,181.67164611816406,56.85166931152344,463.53515625,156.14588928222656,275.25714111328125
2024-03-08,376.75927734375,182.0100860595703,56.928184509277344,465.2403869628906,156.0884552001953,277.0179138183594
2024-03-11,375.95123291015625,182.0777587890625,57.61683654785156,465.14129638671875,157.69671630859375,277.5323181152344
2024-03-12,377.9178466796875,183.57662963867188,57.86551284790039,468.8194885253906,157.51483154296875,280.8560485839844
2024-03-13,381.9386901855469,185.06585693359375,58.45851135253906,471.5359802246094,158.24240112304688,282.0628662109375
2024-03-14,378.33648681640625,181.76834106445312,58.32836151123047,475.3728332519531,157.7445831298828,283.31915283203125
2024-03-15,376.9734802246094,184.021484375,57.730613708496094,471.75408935546875,157.6297149658203,279.98553466796875
2024-03-18,374.2085876464844,186.30360412597656,57.97164535522461,474.7879333496094,163.94790649414062,281.9737854003906
2024-03-19,378.3851623535156,187.39633178710938,58.06804656982422,479.8541259765625,164.46487426757812,284.2489929199219
2024-03-20,385.9886779785156,189.85255432128906,58.56938934326172,483.8595275878906,164.5222930908203,286.1581726074219
2024-03-21,402.77288818359375,192.492431640625,58.2994384765625,484.4543762207031,165.0871124267578,287.2364501953125
2024-03-22,396.0650939941406,190.13294982910156,58.318721771240234,477.5440979003906,164.6754608154297,280.2031555175781
2024-03-25,394.2347717285156,188.392333984375,58.23195266723633,471.9623107910156,165.23069763183594,278.17529296875
2024-03-26,395.44195556640625,189.2722930908203,58.36692810058594,472.7158203125,165.3551483154297,277.57183837890625
2024-03-27,404.272216796875,192.93728637695312,58.83933639526367,473.85595703125,166.1593017578125,276.0089111328125
2024-03-28,406.647705078125,193.6915283203125,58.98395538330078,477.4449462890625,167.53778076171875,276.0682373046875
2024-04-01,402.57818603515625,192.37640380859375,58.50189971923828,474.3020935058594,165.594482421875,275.2768859863281
2024-04-02,399.3070068359375,192.29908752441406,57.99092483520508,475.3233337402344,164.12020874023438,275.4351501464844
2024-04-03,403.05523681640625,191.7575225830078,57.68241500854492,473.3305358886719,162.4353790283203,273.97113037109375
2024-04-04,395.5101318359375,190.29855346679688,57.17143249511719,465.74603271484375,162.4066619873047,271.0431213378906
2024-04-05,397.28204345703125,192.04931640625,57.37389373779297,473.06280517578125,161.91844177246094,274.14923095703125
2024-04-08,399.6867370605469,193.05113220214844,57.142513275146484,475.4058532714844,162.33966064453125,274.76251220703125
2024-04-09,399.85223388671875,191.7575225830078,57.57636642456055,468.76397705078125,163.32566833496094,273.7337341308594
2024-04-10,390.1653137207031,190.1234893798828,56.80507278442383,465.7954406738281,161.73654174804688,271.51788330078125
2024-04-11,386.97198486328125,190.08456420898438,56.9304084777832,464.9416198730469,161.17173767089844,272.7049255371094
2024-04-12,379.19317626953125,177.790283203125,56.188045501708984,462.03271484375,160.92283630371094,272.9819030761719
2024-04-15,390.2821044921875,177.88755798339844,56.053070068359375,456.4829406738281,159.82191467285156,268.3523864746094
2024-04-16,386.36834716796875,175.85475158691406,55.975948333740234,456.5127258300781,160.3484344482422,268.4216613769531
2024-04-17,393.2320556640625,175.15444946289062,56.4097900390625,456.8502502441406,162.243896484375,269.7471923828125
2024-04-18,392.453125,176.29241943359375,56.795433044433594,451.4295349121094,164.914794921875,268.4414367675781
2024-04-19,393.319580078125,180.71795654296875,58.01020431518555,452.11456298828125,166.6953887939453,266.8686218261719
2024-04-22,406.3166809082031,184.22923278808594,58.37656784057617,453.4648132324219,168.9259033203125,269.39111328125
2024-04-23,412.7909240722656,186.88455200195312,58.46333694458008,459.49114990234375,163.9096221923828,271.15191650390625
2024-04-24,411.85626220703125,187.79884338378906,59.340675354003906,459.1734313964844,169.83535766601562,272.0520935058594
2024-04-25,408.9452819824219,188.08090209960938,59.52385711669922,458.7862243652344,169.13650512695312,272.1905517578125
2024-04-26,416.2665100097656,188.19764709472656,59.52385711669922,459.0940246582031,168.08348083496094,271.5574645996094
2024-04-29,419.4208679199219,187.9933624267578,59.813087463378906,453.8122863769531,168.6195526123047,268.9064025878906
2024-04-30,415.42926025390625,186.49549865722656,59.552772521972656,447.95477294921875,168.39938354492188,265.7112121582031
2024-05-01,415.66290283203125,186.61221313476562,59.707035064697266,438.890380859375,167.6718292236328,264.4351501464844
2024-05-02,421.1343688964844,186.4176788330078,59.76487731933594,437.9273376464844,167.95901489257812,264.7220153808594
2024-05-03,426.59600830078125,185.2991485595703,59.93841552734375,440.3894958496094,168.6291046142578,265.5925598144531
2024-05-06,431.9408874511719,186.74839782714844,60.1119499206543,446.13787841796875,168.313232421875,269.72747802734375
2024-05-07,432.0674133300781,186.50521850585938,60.37226104736328,449.8013000488281,170.41929626464844,273.4765319824219
2024-05-08,435.1341857910156,190.29855346679688,60.5940055847168,451.4990234375,169.83535766601562,274.19866943359375
2024-05-09,443.5165710449219,192.0979461669922,60.62293243408203,452.2138366699219,170.45758056640625,275.53411865234375
2024-05-10,442.70849609375,193.33323669433594,60.989288330078125,453.69317626953125,172.11373901367188,277.7103576660156
2024-05-13,441.56939697265625,193.2943115234375,61.29780578613281,454.4675598144531,173.1763153076172,276.37493896484375
2024-05-14,446.349609375,195.99826049804688,60.83503723144531,450.9331359863281,172.1903076171875,274.7427062988281
2024-05-15,453.7681884765625,196.5818634033203,60.86396408081055,454.705810546875,171.79782104492188,278.462158203125
2024-05-16,452.23968505859375,196.9320068359375,61.04713821411133,455.5695495605469,175.29197692871094,277.33233642578125
2024-05-17,455.35504150390625,199.1885528564453,60.76754379272461,456.9594421386719,174.41123962402344,277.59002685546875
2024-05-20,450.70147705078125,190.23046875,60.324058532714844,456.3538818359375,172.61151123046875,276.0440368652344
2024-05-21,457.9739685058594,194.06272888183594,60.651859283447266,455.7978820800781,173.34864807128906,273.47723388671875
2024-05-22,450.1562805175781,192.8857879638672,60.738624572753906,453.2364501953125,174.31552124023438,273.11053466796875
2024-05-23,446.0380859375,191.53382873535156,59.861289978027344,447.964599609375,171.6159210205078,271.77264404296875
2024-05-24,448.98797607421875,195.22015380859375,59.77452087402344,447.93487548828125,170.39056396484375,272.0303039550781
2024-05-28,447.6541748046875,194.0432586669922,59.600982666015625,441.8786926269531,165.97740173339844,268.5517578125
2024-05-29,445.083984375,192.69125366210938,59.48529052734375,439.2875061035156,163.84262084960938,266.45074462890625
2024-05-30,440.9800720214844,193.87789916992188,59.7455940246582,438.920166015625,163.20120239257812,268.8688659667969
2024-05-31,447.1408386230469,197.087646484375,60.671138763427734,443.8544006347656,165.51788330078125,270.01849365234375
2024-06-03,445.6324768066406,196.29978942871094,60.671138763427734,440.0023193359375,163.919189453125,267.9571533203125
2024-06-04,445.94586181640625,193.71255493164062,61.64488220214844,441.5709533691406,166.46560668945312,269.9788818359375
2024-06-05,452.1947937011719,191.864501953125,61.62560272216797,443.4473571777344,166.08270263671875,272.0401916503906
2024-06-06,448.6883850097656,191.5240936279297,61.84734344482422,445.4528503417969,165.8050994873047,274.55743408203125
2024-06-07,445.56390380859375,194.48092651367188,61.615962982177734,446.5548400878906,165.02838134765625,276.1728820800781
2024-06-10,444.2318115234375,194.15025329589844,61.30744934082031,446.0187072753906,160.06903076171875,272.57537841796875
2024-06-11,435.14251708984375,189.04383850097656,61.268882751464844,445.8102111816406,159.26820373535156,272.2087097167969
2024-06-12,439.48150634765625,186.29122924804688,60.62293243408203,439.81365966796875,158.07177734375,267.897705078125
2024-06-13,437.1798095703125,188.3629913330078,60.72898483276367,441.79931640625,157.58937072753906,268.7598876953125
2024-06-14,437.2875061035156,188.47970581054688,60.772701263427734,441.4319763183594,158.052490234375,268.2346496582031
2024-06-17,440.93109130859375,189.64686584472656,60.84071350097656,444.8868713378906,160.30059814453125,268.74005126953125
2024-06-18,448.0320739746094,191.61163330078125,60.85042953491211,446.8725280761719,160.62864685058594,271.1681213378906
2024-06-20,448.639404296875,193.2359619140625,60.41321563720703,449.25531005859375,160.8216094970703,274.33941650390625
2024-06-21,440.93109130859375,190.9307861328125,60.986454010009766,451.5784606933594,161.40052795410156,272.7538146972656
2024-06-24,452.59637451171875,193.44020080566406,62.1523551940918,453.6733093261719,162.1724090576172,273.8240661621094
2024-06-25,447.9831237792969,192.65235900878906,62.02605056762695,452.3727111816406,161.4680938720703,271.07891845703125
2024-06-26,446.494384765625,192.0298614501953,62.23008346557617,449.126220703125,160.8795166015625,271.1482849121094
2024-06-27,436.79779052734375,193.72227478027344,62.09406280517578,439.5654602050781,160.4163818359375,264.2010803222656
2024-06-28,443.0271301269531,196.72775268554688,61.84144973754883,437.98687744140625,159.1331329345703,260.1180114746094
2024-07-01,454.1341552734375,199.8304901123047,61.48196029663086,434.4624328613281,157.1648406982422,260.8811340332031
2024-07-02,456.0440673828125,203.11805725097656,61.355655670166016,441.4518127441406,157.83058166503906,265.826416015625
2024-07-03,458.306640625,202.9818878173828,61.530540466308594,444.9564208984375,156.88504028320312,266.57958984375
2024-07-05,455.2017517089844,200.29226684570312,61.94831848144531,446.25701904296875,158.61212158203125,267.9372863769531
2024-07-08,455.2702941894531,200.66392517089844,61.17105484008789,443.0303649902344,156.42189025878906,264.01275634765625
2024-07-09,463.11572265625,203.06991577148438,60.90872573852539,442.1553955078125,156.2096405029297,263.0614013671875
2024-07-10,469.0512390136719,203.23619079589844,61.04475021362305,431.1587219238281,157.84022521972656,260.6432800292969
2024-07-11,469.38427734375,202.89385986328125,61.30707550048828,433.92279052734375,158.1875762939453,260.197265625
2024-07-12,470.0209045410156,200.43899536132812,61.89002990722656,437.5916748046875,160.53219604492188,263.35870361328125
2024-07-15,482.1171875,205.43675231933594,61.6082649230957,441.4594421386719,158.10073852539062,266.04443359375
2024-07-16,492.68548583984375,208.9283447265625,62.443824768066406,440.99212646484375,158.96910095214844,266.8372802734375
2024-07-17,491.86273193359375,212.10696411132812,63.35712814331055,448.5784606933594,163.91880798339844,270.2563781738281
2024-07-18,476.2208251953125,205.3682861328125,63.33768844604492,446.15240478515625,164.3819122314453,266.7381591796875
2024-07-19,474.9671325683594,205.1726837158203,63.43484878540039,441.1512145996094,163.4074249267578,263.0812072753906
2024-07-22,477.0338134765625,205.6616973876953,62.929622650146484,445.3768615722656,161.76719665527344,265.3110656738281
2024-07-23,482.0387878417969,205.7106170654297,63.11422348022461,439.1924743652344,160.43569946289062,262.4172668457031
2024-07-24,476.7008056640625,204.00881958007812,63.94007873535156,429.9754943847656,162.25926208496094,251.8923797607422
2024-07-25,481.60784912109375,204.08706665039062,64.19268798828125,427.1418151855469,165.00909423828125,251.46624755859375
2024-07-26,488.7774658203125,207.5786590576172,65.14484405517578,435.6727294921875,166.6782684326172,257.1349792480469
2024-07-29,482.59710693359375,206.21917724609375,64.93109130859375,438.77484130859375,167.12213134765625,259.2558288574219
2024-07-30,495.28106689453125,210.4638671875,65.75694274902344,444.8896789550781,167.09315490722656,260.74237060546875
2024-07-31,498.5719909667969,208.12635803222656,64.84364318847656,461.056640625,166.60108947753906,263.2893371582031
2024-08-01,489.84503173828125,203.39266967773438,66.02897644042969,459.76409912109375,168.81060791015625,263.5469970703125
2024-08-02,460.97076416015625,194.76637268066406,67.36006164550781,459.37628173828125,171.7823486328125,264.1911926269531
2024-08-05,449.5894470214844,190.61947631835938,66.16500091552734,439.4708557128906,167.9229278564453,254.1420440673828
2024-08-06,460.55938720703125,195.9400177001953,66.1164321899414,445.7347717285156,166.42742919921875,255.9457550048828
2024-08-07,463.2920837402344,195.99868774414062,66.51477813720703,447.2659912109375,165.75201416015625,254.2213134765625
2024-08-08,475.7898864746094,199.57830810546875,66.77711486816406,452.97314453125,166.31161499023438,257.5016784667969
2024-08-09,480.1876525878906,201.28009033203125,66.72853088378906,454.1662902832031,166.3309326171875,257.94854736328125
2024-08-12,475.52545166015625,201.6615447998047,66.2330093383789,453.08251953125,165.39501953125,258.07763671875
2024-08-13,481.8331298828125,203.3730926513672,66.51477813720703,456.73150634765625,166.31161499023438,258.3159484863281
2024-08-14,488.4542236328125,205.62258911132812,66.63137817382812,457.5269470214844,167.6045379638672,259.3189392089844
2024-08-15,488.76763916015625,206.90380859375,66.69937896728516,466.02801513671875,166.45635986328125,264.9394226074219
2024-08-16,493.9000244140625,209.27066040039062,67.21432495117188,466.1970520019531,166.55284118652344,265.515380859375
2024-08-19,494.3114013671875,210.71815490722656,67.02000427246094,464.30792236328125,167.71067810058594,264.61175537109375
2024-08-20,487.1221923828125,209.80857849121094,67.40863037109375,466.4356994628906,169.66934204101562,266.1708068847656
2024-08-21,486.2602844238281,209.8868408203125,67.59323120117188,465.32208251953125,169.0518341064453,266.3296813964844
2024-08-22,487.5237731933594,211.8722381591797,67.36006164550781,466.1374206542969,169.56320190429688,266.07147216796875
2024-08-23,498.9540100097656,213.51535034179688,67.8069839477539,463.7710266113281,169.68861389160156,265.5749816894531
2024-08-26,497.43585205078125,214.35646057128906,68.8271484375,465.9584655761719,169.7851104736328,266.339599609375
2024-08-27,496.83837890625,215.3442840576172,69.46839904785156,472.2720947265625,169.13865661621094,268.83209228515625
2024-08-28,492.9891357421875,216.42990112304688,69.71129608154297,469.1003112792969,167.80714416503906,267.312744140625
2024-08-29,499.62005615234375,217.3297119140625,70.00277709960938,478.048828125,166.04147338867188,272.4070129394531
2024-08-30,502.72357177734375,219.86280822753906,70.41083526611328,480.5743408203125,166.8037109375,274.44268798828125
2024-09-03,480.26971435546875,215.46163940429688,70.93549346923828,479.36126708984375,171.2999267578125,276.5975646972656
2024-09-04,483.40283203125,214.512939453125,70.49827575683594,480.3754577636719,172.2454833984375,278.533935546875
2024-09-05,480.68353271484375,212.8502960205078,69.14777374267578,474.6285400390625,172.99807739257812,276.677001953125
2024-09-06,472.5354919433594,207.79383850097656,69.1186294555664,473.3956298828125,172.40988159179688,277.4217834472656
2024-09-09,481.3633728027344,212.04827880859375,69.80845642089844,484.3028564453125,173.2362518310547,283.6182556152344
2024-09-10,460.2396240234375,201.04534912109375,69.51698303222656,485.2275390625,172.8668212890625,283.3501281738281
2024-09-11,464.2200012207031,202.67868041992188,69.06033325195312,485.3866271972656,170.89324951171875,281.9797668457031
2024-09-12,467.0673828125,202.06253051757812,69.20606994628906,489.29412841796875,172.32237243652344,283.37994384765625
2024-09-13,471.9246520996094,199.83261108398438,69.85660552978516,490.53692626953125,172.4293212890625,285.34613037109375
2024-09-16,478.003662109375,203.29486083984375,70.5315933227539,494.8620910644531,172.2834930419922,288.4543151855469
2024-09-17,478.23028564453125,204.65432739257812,70.23812103271484,498.1233215332031,171.95294189453125,289.5267639160156
2024-09-18,477.43218994140625,202.9720916748047,70.189208984375,491.9289855957031,170.339111328125,286.46826171875
2024-09-19,496.39825439453125,205.85731506347656,69.08379364013672,490.18902587890625,169.80438232421875,283.2508239746094
2024-09-20,491.0779113769531,206.45391845703125,70.08160400390625,489.9205322265625,166.42112731933594,282.78411865234375
2024-09-23,490.0729675292969,206.7962188720703,70.16964721679688,494.2953796386719,167.32528686523438,286.6171875
2024-09-24,490.6739501953125,206.9429168701172,69.7783432006836,484.62103271484375,165.1961669921875,270.87774658203125
2024-09-25,483.8954772949219,205.5736846923828,69.8957290649414,486.64935302734375,164.6905975341797,267.74969482421875
2024-09-26,489.5902099609375,205.1726837158203,69.8468246459961,488.4589538574219,164.97256469726562,269.79534912109375
2024-09-27,491.15673828125,205.87689208984375,70.22834777832031,490.8153991699219,165.27394104003906,273.2510986328125
2024-09-30,487.806884765625,206.2289581298828,70.29680633544922,490.9744567871094,165.3225555419922,273.0325622558594
2024-10-01,482.93975830078125,202.49285888671875,70.15007019042969,493.53973388671875,166.61557006835938,275.66412353515625
2024-10-02,484.7328796386719,202.73736572265625,69.4653091430664,492.7343444824219,164.83644104003906,275.0683288574219
2024-10-03,478.9298095703125,200.7226104736328,68.9859619140625,492.1377868652344,163.8448028564453,274.92926025390625
2024-10-04,487.8561706542969,207.8470001220703,68.6435775756836,494.8521423339844,163.30038452148438,275.9917907714844
2024-10-07,487.3240966796875,207.56161499023438,67.5088119506836,488.48876953125,162.56149291992188,271.88067626953125
2024-10-08,489.245361328125,207.38450622558594,67.67511749267578,494.2158203125,165.6822509765625,273.04254150390625
2024-10-09,497.72833251953125,210.01185607910156,68.05662536621094,497.7502136230469,167.74331665039062,274.998779296875
2024-10-10,496.28985595703125,209.44113159179688,67.74359130859375,495.82867431640625,168.18081665039062,275.5350341796875
2024-10-11,508.6842956542969,218.74020385742188,68.05662536621094,500.0500183105469,169.95021057128906,275.90240478515625
2024-10-14,515.0391845703125,217.94314575195312,68.80987548828125,504.4306640625,171.20436096191406,278.7226257324219
2024-10-15,514.6746215820312,218.838623046875,68.80987548828125,504.9981689453125,171.00990295410156,277.34234619140625
2024-10-16,522.0443115234375,220.0686492919922,69.03487396240234,511.80804443359375,169.62937927246094,285.514892578125
2024-10-17,521.1969604492188,220.83621215820312,68.37944793701172,511.49945068359375,169.81410217285156,288.3649597167969
2024-10-18,520.7044067382812,221.77102661132812,68.90769958496094,514.068115234375,170.19325256347656,288.59332275390625
2024-10-21,510.16217041015625,219.4388885498047,67.93923950195312,512.7439575195312,170.14463806152344,284.849609375
2024-10-22,510.65484619140625,220.54098510742188,67.93923950195312,510.7626647949219,169.52244567871094,282.80401611328125
2024-10-23,509.57110595703125,219.8423309326172,66.53056335449219,511.4695739746094,168.1419219970703,281.7811279296875
2024-10-24,516.7633666992188,221.3872528076172,65.83601379394531,508.37322998046875,167.3739013671875,281.24493408203125
2024-10-25,505.03887939453125,218.7598876953125,65.46427154541016,505.1275634765625,167.01416015625,279.76531982421875
2024-10-28,515.85693359375,221.89895629882812,65.21971130371094,505.9738464355469,165.11837768554688,282.2081604003906
2024-10-29,516.546630859375,219.34046936035156,64.13385772705078,504.0523376464844,162.8434295654297,279.9142761230469
2024-10-30,516.6648559570312,220.8263702392578,64.48603057861328,511.4297180175781,161.5893096923828,288.13653564453125
2024-10-31,510.15234375,218.37611389160156,63.88929748535156,497.3917541503906,161.46290588378906,287.82867431640625
2024-11-01,511.6893310546875,219.37985229492188,63.5958251953125,505.84442138671875,160.9865264892578,288.71246337890625
2024-11-04,503.9255676269531,216.27029418945312,63.69364547729492,503.35540771484375,161.7156982421875,289.8147277832031
2024-11-05,519.1870727539062,217.9530029296875,63.948001861572266,503.33551025390625,163.18370056152344,291.2447204589844
2024-11-06,587.18896484375,243.11465454101562,62.31432342529297,518.8369750976562,160.13101196289062,305.2563171386719
2024-11-07,573.5827026367188,232.605224609375,62.27519226074219,515.601318359375,159.4407501220703,303.6674499511719
2024-11-08,580.568115234375,233.19561767578125,62.529537200927734,522.4510498046875,160.51988220214844,305.7229919433594
2024-11-11,593.4552001953125,235.46873474121094,61.98171615600586,527.7874755859375,159.69349670410156,308.75177001953125
2024-11-12,583.8490600585938,235.73443603515625,61.825199127197266,526.8416137695312,159.7712860107422,308.2742004394531
2024-11-13,585.4549560546875,237.3088836669922,61.629547119140625,519.5836791992188,160.16017150878906,307.9060974121094
2024-11-14,579.9276733398438,238.00753784179688,61.189334869384766,518.1102294921875,160.5587615966797,306.68231201171875
2024-11-15,584.7850341796875,241.39260864257812,60.3969612121582,519.5936889648438,154.21031188964844,308.0652770996094
2024-11-18,579.3168334960938,241.1170654296875,60.514347076416016,519.3347778320312,153.92835998535156,310.57244873046875
2024-11-19,572.8043823242188,239.20803833007812,61.22846603393555,517.1743774414062,152.36312866210938,310.2640075683594
2024-11-20,573.34619140625,236.93495178222656,61.61977005004883,510.2847595214844,154.3269805908203,305.82672119140625
2024-11-21,587.3170776367188,240.85137939453125,62.37301254272461,512.83349609375,155.88247680664062,308.3239440917969
2024-11-22,593.8887939453125,244.58087158203125,62.529537200927734,518.5681762695312,157.496337890625,308.3438415527344
2024-11-25,594.135009765625,246.29307556152344,62.97952651977539,524.282958984375,158.51715087890625,311.5971984863281
2024-11-26,596.568603515625,245.9781951904297,63.14583206176758,526.1546020507812,157.6519012451172,310.23419189453125
2024-11-27,596.4995727539062,245.80105590820312,63.0284423828125,530.0374755859375,158.19631958007812,313.0995178222656
2024-11-29,599.59326171875,245.73219299316406,63.16150665283203,530.5950317382812,158.90603637695312,313.4775695800781
2024-12-02,595.7714233398438,242.31759643554688,62.7376708984375,529.02197265625,158.51715087890625,315.0395812988281
2024-12-03,596.1377563476562,240.91043090820312,62.60953140258789,523.8648071289062,157.2046661376953,311.4181213378906
2024-12-04,592.801025390625,239.51309204101562,61.31830978393555,518.8469848632812,155.7269287109375,308.3239440917969
2024-12-05,590.9098510742188,241.5598907470703,62.018131256103516,522.4609985351562,156.0283203125,307.5080871582031
2024-12-06,593.7614135742188,243.4098663330078,61.633724212646484,526.2442626953125,154.70956420898438,309.42828369140625
2024-12-09,588.2562866210938,239.91656494140625,61.70271682739258,520.5195922851562,156.35678100585938,306.7320861816406
2024-12-10,579.2560424804688,238.9817352294922,62.00827407836914,526.6823120117188,156.71954345703125,310.7913513183594
2024-12-11,586.7117309570312,239.6410369873047,61.74214553833008,532.0984497070312,153.70948791503906,312.19415283203125
2024-12-12,585.7710571289062,237.67295837402344,62.92494583129883,530.0673217773438,155.7978973388672,312.63189697265625
2024-12-13,579.7015991210938,236.10836791992188,62.215267181396484,526.6724243164062,154.8860626220703,313.1393127441406
2024-12-16,580.543212890625,235.7541046142578,61.6534309387207,527.9766235351562,152.97413635253906,314.28350830078125
2024-12-17,569.0081787109375,234.5535888671875,62.49125289916992,528.6735229492188,153.09178161621094,316.6811828613281
2024-12-18,544.8192749023438,226.69117736816406,61.94913101196289,517.6722412109375,151.4151611328125,308.20452880859375
2024-12-19,548.5223999023438,229.23983764648438,61.55487060546875,520.9776000976562,148.51295471191406,313.2785949707031
2024-12-20,560.5128173828125,233.8057403564453,61.6534309387207,525.7066650390625,149.8071746826172,316.0942077636719
2024-12-23,565.1466674804688,234.58311462402344,61.48587417602539,526.6326293945312,148.3364715576172,315.60675048828125
2024-12-24,577.0380859375,238.4405059814453,61.93928146362305,533.3528442382812,149.82679748535156,319.0192565917969
2024-12-26,575.4934692382812,239.25726318359375,61.67314529418945,533.7909545898438,149.46401977539062,319.2779846191406
2024-12-27,570.493408203125,237.3187255859375,61.55487060546875,529.8583374023438,149.9052276611328,317.0393981933594
2024-12-30,567.8892822265625,235.49826049804688,61.14088821411133,523.237548828125,148.75807189941406,313.7064208984375
2024-12-31,566.968505859375,235.88204956054688,61.36758804321289,524.2530517578125,149.09144592285156,314.4327087402344
